date,tna_sst
1900-01,26.886097
1900-02,26.355627
1900-03,26.471678
1900-04,26.968008
1900-05,27.563913
1900-06,27.719208
1900-07,27.79405
1900-08,28.20194
1900-09,28.242723
1900-10,28.250677
1900-11,27.915545
1900-12,27.379215
1901-01,26.607748
1901-02,26.52048
1901-03,26.512428
1901-04,27.083792
1901-05,27.660685
1901-06,28.022766
1901-07,27.983763
1901-08,28.017216
1901-09,28.541283
1901-10,28.447893
1901-11,27.665178
1901-12,26.684439
1902-01,26.054422
1902-02,25.797209
1902-03,26.011566
1902-04,26.695377
1902-05,27.458366
1902-06,28.148193
1902-07,28.27736
1902-08,28.518465
1902-09,28.433212
1902-10,28.277925
1902-11,27.737862
1902-12,27.191038
1903-01,26.531254
1903-02,26.373384
1903-03,26.609505
1903-04,27.131039
1903-05,27.817163
1903-06,28.047476
1903-07,28.201149
1903-08,28.306545
1903-09,28.46247
1903-10,28.165558
1903-11,27.473042
1903-12,26.950567
1904-01,26.288626
1904-02,25.807331
1904-03,25.975151
1904-04,26.600672
1904-05,27.118027
1904-06,27.31491
1904-07,27.344126
1904-08,27.818382
1904-09,28.005997
1904-10,27.9458
1904-11,27.786066
1904-12,27.126644
1905-01,26.22325
1905-02,25.774776
1905-03,26.097504
1905-04,26.694706
1905-05,27.61237
1905-06,27.702215
1905-07,27.864042
1905-08,28.360813
1905-09,28.285929
1905-10,28.164324
1905-11,27.976934
1905-12,27.111002
1906-01,26.417967
1906-02,26.0165
1906-03,26.194923
1906-04,26.571035
1906-05,27.14557
1906-06,27.659458
1906-07,27.903511
1906-08,28.115866
1906-09,28.159767
1906-10,27.971663
1906-11,27.63053
1906-12,26.645432
1907-01,25.536232
1907-02,25.248772
1907-03,25.280546
1907-04,26.14057
1907-05,27.269894
1907-06,27.671185
1907-07,27.637861
1907-08,27.66025
1907-09,27.803764
1907-10,27.856874
1907-11,27.613209
1907-12,26.92709
1908-01,26.298819
1908-02,25.94391
1908-03,25.80793
1908-04,26.230576
1908-05,27.253391
1908-06,27.434967
1908-07,27.462523
1908-08,27.99014
1908-09,28.147102
1908-10,27.798117
1908-11,27.432667
1908-12,26.725666
1909-01,25.965654
1909-02,25.73097
1909-03,25.928303
1909-04,26.292141
1909-05,27.089996
1909-06,27.351688
1909-07,27.55399
1909-08,27.778193
1909-09,28.023026
1909-10,27.875505
1909-11,26.972885
1909-12,26.059235
1910-01,25.310884
1910-02,25.069721
1910-03,25.208958
1910-04,25.70136
1910-05,26.42924
1910-06,26.981768
1910-07,27.075085
1910-08,27.54391
1910-09,27.949142
1910-10,27.806572
1910-11,27.256903
1910-12,26.599838
1911-01,25.575428
1911-02,25.209316
1911-03,25.40426
1911-04,26.277788
1911-05,26.909136
1911-06,27.413723
1911-07,27.619644
1911-08,28.066738
1911-09,28.10995
1911-10,28.162346
1911-11,27.820236
1911-12,26.919806
1912-01,26.36383
1912-02,26.178406
1912-03,26.26082
1912-04,26.56819
1912-05,27.136993
1912-06,27.472925
1912-07,27.586061
1912-08,27.796486
1912-09,28.103062
1912-10,27.954323
1912-11,27.327812
1912-12,26.796673
1913-01,26.179482
1913-02,25.803688
1913-03,25.773403
1913-04,25.975803
1913-05,26.480738
1913-06,26.840899
1913-07,27.224522
1913-08,27.466316
1913-09,27.74273
1913-10,27.61182
1913-11,27.254171
1913-12,26.581059
1914-01,25.913424
1914-02,25.870924
1914-03,25.744041
1914-04,26.514969
1914-05,27.166904
1914-06,27.414228
1914-07,27.583729
1914-08,27.842785
1914-09,28.188526
1914-10,28.015493
1914-11,27.639412
1914-12,27.306906
1915-01,26.70717
1915-02,26.34094
1915-03,26.566628
1915-04,26.734684
1915-05,27.42217
1915-06,27.960773
1915-07,28.387005
1915-08,28.539032
1915-09,28.595125
1915-10,28.231218
1915-11,27.70147
1915-12,27.010017
1916-01,26.347092
1916-02,25.915422
1916-03,26.160337
1916-04,26.335346
1916-05,27.138308
1916-06,27.63176
1916-07,27.72533
1916-08,27.989052
1916-09,28.11309
1916-10,27.745697
1916-11,27.177084
1916-12,26.394398
1917-01,25.694904
1917-02,25.258839
1917-03,25.314346
1917-04,25.84797
1917-05,26.705208
1917-06,27.364222
1917-07,27.453215
1917-08,27.782436
1917-09,28.087133
1917-10,27.754827
1917-11,27.215837
1917-12,26.292902
1918-01,25.921057
1918-02,25.70219
1918-03,25.877508
1918-04,26.302734
1918-05,27.030855
1918-06,27.68719
1918-07,27.71514
1918-08,27.99606
1918-09,28.08357
1918-10,28.291513
1918-11,27.93677
1918-12,27.136116
1919-01,26.040813
1919-02,26.054567
1919-03,26.085453
1919-04,26.638836
1919-05,27.253403
1919-06,27.721825
1919-07,27.720268
1919-08,28.000946
1919-09,28.435843
1919-10,28.188248
1919-11,27.492865
1919-12,26.859026
1920-01,26.18651
1920-02,25.78021
1920-03,26.134022
1920-04,26.670248
1920-05,27.148352
1920-06,27.380308
1920-07,27.293013
1920-08,27.660076
1920-09,28.047003
1920-10,27.859041
1920-11,27.4356
1920-12,26.929827
1921-01,25.934341
1921-02,25.969395
1921-03,25.870642
1921-04,26.123283
1921-05,26.774628
1921-06,27.29824
1921-07,27.4771
1921-08,27.81182
1921-09,28.154776
1921-10,28.075588
1921-11,27.345667
1921-12,26.841246
1922-01,26.196388
1922-02,25.800224
1922-03,25.944883
1922-04,26.223604
1922-05,26.769707
1922-06,27.215336
1922-07,27.347866
1922-08,27.700996
1922-09,27.890793
1922-10,27.969803
1922-11,27.448843
1922-12,26.762295
1923-01,25.78635
1923-02,25.463955
1923-03,25.641853
1923-04,26.134161
1923-05,27.080133
1923-06,27.396444
1923-07,27.577364
1923-08,27.653395
1923-09,28.102324
1923-10,27.824175
1923-11,27.48376
1923-12,26.613697
1924-01,26.06693
1924-02,25.76898
1924-03,26.003494
1924-04,26.670002
1924-05,27.387884
1924-06,27.626272
1924-07,27.66291
1924-08,27.871248
1924-09,28.152853
1924-10,27.892368
1924-11,27.361319
1924-12,26.638454
1925-01,25.856009
1925-02,25.533426
1925-03,25.745783
1925-04,26.419395
1925-05,27.104729
1925-06,27.348162
1925-07,27.656176
1925-08,28.088032
1925-09,28.168755
1925-10,28.160776
1925-11,27.621933
1925-12,27.04236
1926-01,26.40502
1926-02,26.27736
1926-03,26.158367
1926-04,26.79415
1926-05,27.50457
1926-06,27.832798
1926-07,27.985226
1926-08,28.326387
1926-09,28.483936
1926-10,28.2968
1926-11,27.840946
1926-12,27.046734
1927-01,26.166027
1927-02,25.959679
1927-03,26.07834
1927-04,26.571087
1927-05,27.334791
1927-06,27.541885
1927-07,27.748907
1927-08,28.146736
1927-09,28.560406
1927-10,28.419271
1927-11,27.819918
1927-12,26.920258
1928-01,26.133352
1928-02,26.105837
1928-03,26.206244
1928-04,26.544819
1928-05,27.112331
1928-06,27.606289
1928-07,27.727808
1928-08,28.094807
1928-09,28.302765
1928-10,28.247328
1928-11,27.751383
1928-12,26.74846
1929-01,26.022408
1929-02,25.734539
1929-03,25.947598
1929-04,26.378069
1929-05,26.827345
1929-06,27.311916
1929-07,27.477884
1929-08,27.813108
1929-09,28.086218
1929-10,28.023712
1929-11,27.398394
1929-12,26.645777
1930-01,26.023993
1930-02,25.860048
1930-03,26.083
1930-04,26.576334
1930-05,27.28635
1930-06,27.547775
1930-07,27.777643
1930-08,28.105728
1930-09,28.442907
1930-10,28.242846
1930-11,27.913378
1930-12,27.3326
1931-01,26.703236
1931-02,26.276577
1931-03,26.470095
1931-04,26.946363
1931-05,27.866875
1931-06,28.227358
1931-07,28.224653
1931-08,28.48997
1931-09,28.418118
1931-10,28.309364
1931-11,27.54678
1931-12,27.013735
1932-01,26.40962
1932-02,25.998922
1932-03,26.422422
1932-04,26.846996
1932-05,27.540882
1932-06,28.04545
1932-07,28.16999
1932-08,28.628382
1932-09,28.909634
1932-10,28.468416
1932-11,27.719894
1932-12,26.920475
1933-01,26.34011
1933-02,25.931824
1933-03,26.127007
1933-04,26.786352
1933-05,27.522703
1933-06,27.876503
1933-07,28.034899
1933-08,28.225353
1933-09,28.330812
1933-10,28.153973
1933-11,27.486511
1933-12,26.878857
1934-01,26.181063
1934-02,25.796076
1934-03,25.970976
1934-04,26.581501
1934-05,27.240328
1934-06,27.643993
1934-07,27.853762
1934-08,28.238949
1934-09,28.483767
1934-10,28.346706
1934-11,27.707703
1934-12,26.91865
1935-01,26.324951
1935-02,25.951727
1935-03,25.973932
1935-04,26.725153
1935-05,27.33308
1935-06,27.679722
1935-07,27.92575
1935-08,28.164986
1935-09,28.314453
1935-10,28.103502
1935-11,27.541193
1935-12,26.901941
1936-01,26.344372
1936-02,26.205603
1936-03,26.296024
1936-04,26.710665
1936-05,27.579357
1936-06,28.12666
1936-07,28.194944
1936-08,28.355253
1936-09,28.559807
1936-10,28.34329
1936-11,27.79258
1936-12,26.991798
1937-01,26.343752
1937-02,26.118795
1937-03,26.557016
1937-04,26.89391
1937-05,27.655605
1937-06,27.921074
1937-07,28.207857
1937-08,28.577507
1937-09,28.896378
1937-10,28.702583
1937-11,28.117119
1937-12,27.131853
1938-01,26.231459
1938-02,25.587402
1938-03,25.828472
1938-04,26.15139
1938-05,27.037325
1938-06,27.430239
1938-07,27.772451
1938-08,28.013641
1938-09,28.398413
1938-10,28.309393
1938-11,27.741365
1938-12,26.885353
1939-01,26.081404
1939-02,25.724314
1939-03,25.641516
1939-04,26.19399
1939-05,27.05553
1939-06,27.628323
1939-07,27.943789
1939-08,28.319286
1939-09,28.676844
1939-10,28.620556
1939-11,27.911783
1939-12,27.321817
1940-01,26.942043
1940-02,26.402514
1940-03,26.618038
1940-04,27.405378
1940-05,27.920954
1940-06,28.45352
1940-07,28.596998
1940-08,28.915026
1940-09,28.964592
1940-10,28.733479
1940-11,28.302353
1940-12,27.650356
1941-01,27.031252
1941-02,26.995825
1941-03,27.030027
1941-04,27.676525
1941-05,28.193705
1941-06,28.646988
1941-07,28.456766
1941-08,28.879223
1941-09,29.098705
1941-10,29.056267
1941-11,28.63591
1941-12,28.060093
1942-01,27.188532
1942-02,27.056963
1942-03,27.205494
1942-04,27.67459
1942-05,28.016336
1942-06,28.137403
1942-07,28.159891
1942-08,28.23187
1942-09,28.512531
1942-10,28.357008
1942-11,27.996141
1942-12,27.321362
1943-01,26.593094
1943-02,26.394323
1943-03,26.331303
1943-04,26.856474
1943-05,27.458313
1943-06,27.797173
1943-07,27.957685
1943-08,28.37781
1943-09,28.822517
1943-10,28.580603
1943-11,27.94607
1943-12,27.180708
1944-01,26.540737
1944-02,26.36471
1944-03,26.51796
1944-04,27.035963
1944-05,27.437145
1944-06,27.852037
1944-07,28.323614
1944-08,28.709124
1944-09,28.959997
1944-10,28.661047
1944-11,28.039547
1944-12,26.966318
1945-01,26.297394
1945-02,26.132494
1945-03,26.258228
1945-04,26.791983
1945-05,27.648539
1945-06,27.894182
1945-07,28.092579
1945-08,28.851112
1945-09,29.078676
1945-10,28.40139
1945-11,28.190977
1945-12,27.526857
1946-01,26.859251
1946-02,26.193798
1946-03,26.177025
1946-04,26.61166
1946-05,27.307129
1946-06,27.743223
1946-07,27.611242
1946-08,28.067244
1946-09,28.553465
1946-10,28.467083
1946-11,27.968737
1946-12,27.189491
1947-01,26.345783
1947-02,26.34006
1947-03,26.586859
1947-04,26.86681
1947-05,27.03507
1947-06,27.693735
1947-07,27.841743
1947-08,28.070831
1947-09,28.315935
1947-10,28.28995
1947-11,28.021538
1947-12,27.150862
1948-01,26.497446
1948-02,26.31106
1948-03,26.333904
1948-04,26.625757
1948-05,27.543598
1948-06,28.188032
1948-07,28.081507
1948-08,28.419117
1948-09,28.435709
1948-10,28.340727
1948-11,27.873552
1948-12,26.977112
1949-01,26.5762
1949-02,26.130896
1949-03,26.262259
1949-04,26.92893
1949-05,27.429272
1949-06,27.817678
1949-07,27.938335
1949-08,28.175554
1949-09,28.45066
1949-10,28.148102
1949-11,27.806305
1949-12,26.936237
1950-01,25.871157
1950-02,25.682428
1950-03,25.95688
1950-04,26.197062
1950-05,26.86793
1950-06,27.398312
1950-07,27.67614
1950-08,28.171803
1950-09,28.538263
1950-10,28.123932
1950-11,27.554178
1950-12,26.747957
1951-01,26.181458
1951-02,25.727116
1951-03,25.681004
1951-04,26.77457
1951-05,27.70699
1951-06,28.173119
1951-07,28.444942
1951-08,28.76956
1951-09,28.921503
1951-10,28.814367
1951-11,28.272194
1951-12,27.387589
1952-01,26.619566
1952-02,26.283722
1952-03,26.763773
1952-04,27.12289
1952-05,27.970358
1952-06,28.174456
1952-07,28.340532
1952-08,28.731754
1952-09,28.929836
1952-10,28.777021
1952-11,28.153437
1952-12,27.199886
1953-01,26.436888
1953-02,26.296673
1953-03,26.292852
1953-04,27.211752
1953-05,27.819597
1953-06,28.080105
1953-07,28.456863
1953-08,28.690887
1953-09,28.941755
1953-10,28.721498
1953-11,28.22217
1953-12,27.48765
1954-01,26.73564
1954-02,26.287607
1954-03,26.64111
1954-04,26.863222
1954-05,27.61404
1954-06,27.923048
1954-07,28.135818
1954-08,28.452324
1954-09,28.482903
1954-10,27.841795
1954-11,27.575912
1954-12,26.805601
1955-01,26.3795
1955-02,25.984783
1955-03,25.877527
1955-04,26.352964
1955-05,27.270742
1955-06,27.694977
1955-07,27.927692
1955-08,28.533
1955-09,28.587778
1955-10,28.291365
1955-11,27.837322
1955-12,27.001854
1956-01,26.254438
1956-02,26.069218
1956-03,26.253601
1956-04,26.824167
1956-05,27.387287
1956-06,27.706596
1956-07,27.937374
1956-08,28.444134
1956-09,28.456438
1956-10,28.416786
1956-11,27.785421
1956-12,27.091784
1957-01,26.35417
1957-02,26.000513
1957-03,26.60283
1957-04,26.870584
1957-05,27.6851
1957-06,28.216703
1957-07,28.484495
1957-08,28.851782
1957-09,29.019325
1957-10,28.874485
1957-11,28.258875
1957-12,27.38063
1958-01,26.934206
1958-02,26.57016
1958-03,27.061783
1958-04,27.685713
1958-05,28.322063
1958-06,28.768694
1958-07,28.64041
1958-08,28.934095
1958-09,29.045855
1958-10,28.857473
1958-11,28.331924
1958-12,27.66278
1959-01,27.019583
1959-02,26.667864
1959-03,26.911787
1959-04,27.304676
1959-05,27.7422
1959-06,28.093235
1959-07,28.347656
1959-08,28.494396
1959-09,28.766861
1959-10,28.582327
1959-11,28.121881
1959-12,27.435753
1960-01,27.04072
1960-02,27.067692
1960-03,26.974863
1960-04,27.33225
1960-05,28.180159
1960-06,28.311516
1960-07,28.410618
1960-08,28.617771
1960-09,28.81131
1960-10,28.657217
1960-11,28.240282
1960-12,27.334187
1961-01,26.882105
1961-02,26.799168
1961-03,26.803947
1961-04,27.363258
1961-05,27.842813
1961-06,28.000175
1961-07,28.15013
1961-08,28.413399
1961-09,28.532782
1961-10,28.447206
1961-11,27.88235
1961-12,27.152233
1962-01,26.668936
1962-02,26.490545
1962-03,26.618484
1962-04,26.992609
1962-05,27.609827
1962-06,27.97034
1962-07,28.306934
1962-08,28.664282
1962-09,28.710453
1962-10,28.624565
1962-11,28.07487
1962-12,27.397268
1963-01,26.77954
1963-02,26.629791
1963-03,26.73544
1963-04,27.260075
1963-05,27.656061
1963-06,27.966213
1963-07,28.212183
1963-08,28.722193
1963-09,28.882118
1963-10,28.96762
1963-11,28.247631
1963-12,27.458672
1964-01,26.846111
1964-02,26.745615
1964-03,26.873016
1964-04,27.136202
1964-05,27.740192
1964-06,28.041916
1964-07,28.204079
1964-08,28.384748
1964-09,28.610638
1964-10,28.401056
1964-11,27.875864
1964-12,26.904884
1965-01,26.104153
1965-02,26.029781
1965-03,26.31775
1965-04,26.901253
1965-05,27.524029
1965-06,27.821728
1965-07,28.040537
1965-08,28.232883
1965-09,28.444967
1965-10,28.530828
1965-11,28.096987
1965-12,27.455956
1966-01,26.88842
1966-02,26.562239
1966-03,26.458376
1966-04,27.157372
1966-05,27.480427
1966-06,27.80122
1966-07,28.281351
1966-08,28.44502
1966-09,28.696768
1966-10,28.54451
1966-11,27.868973
1966-12,27.018478
1967-01,26.29752
1967-02,26.188904
1967-03,26.275866
1967-04,26.713543
1967-05,27.29292
1967-06,27.729137
1967-07,27.88034
1967-08,28.110239
1967-09,28.472633
1967-10,28.36773
1967-11,27.813656
1967-12,27.105947
1968-01,26.279127
1968-02,25.928799
1968-03,26.145859
1968-04,26.591679
1968-05,27.440317
1968-06,27.77668
1968-07,28.017548
1968-08,28.455523
1968-09,28.782421
1968-10,28.545527
1968-11,28.072315
1968-12,27.430544
1969-01,26.753101
1969-02,26.452139
1969-03,26.958006
1969-04,27.75409
1969-05,28.560293
1969-06,28.82829
1969-07,28.839306
1969-08,28.787947
1969-09,28.97505
1969-10,28.699474
1969-11,28.199284
1969-12,27.350025
1970-01,26.841269
1970-02,26.550846
1970-03,26.54947
1970-04,27.309158
1970-05,27.59091
1970-06,28.011688
1970-07,28.125334
1970-08,28.369392
1970-09,28.403627
1970-10,28.339924
1970-11,27.80772
1970-12,26.913557
1971-01,26.289625
1971-02,26.085499
1971-03,26.274666
1971-04,26.631079
1971-05,27.378288
1971-06,27.72538
1971-07,27.794605
1971-08,28.03519
1971-09,28.23988
1971-10,28.066814
1971-11,27.646303
1971-12,26.917118
1972-01,26.28872
1972-02,26.093456
1972-03,26.311855
1972-04,27.010527
1972-05,27.46978
1972-06,27.80282
1972-07,28.041746
1972-08,28.198996
1972-09,28.448452
1972-10,28.470291
1972-11,28.091925
1972-12,27.539877
1973-01,26.948273
1973-02,26.63943
1973-03,26.908173
1973-04,27.287598
1973-05,27.768644
1973-06,28.039965
1973-07,28.274502
1973-08,28.364883
1973-09,28.494377
1973-10,28.194592
1973-11,27.652025
1973-12,26.654055
1974-01,26.100416
1974-02,25.967485
1974-03,26.102503
1974-04,26.643778
1974-05,27.146055
1974-06,27.624523
1974-07,27.952185
1974-08,28.118002
1974-09,28.132204
1974-10,27.972567
1974-11,27.534975
1974-12,26.894047
1975-01,26.213596
1975-02,26.049204
1975-03,26.324942
1975-04,26.810059
1975-05,27.374077
1975-06,27.772217
1975-07,27.866001
1975-08,28.11281
1975-09,28.189821
1975-10,28.084917
1975-11,27.411734
1975-12,26.607504
1976-01,25.75806
1976-02,25.512949
1976-03,25.72455
1976-04,26.40062
1976-05,27.192663
1976-06,27.546473
1976-07,27.801659
1976-08,28.23859
1976-09,28.426027
1976-10,28.485
1976-11,28.024828
1976-12,27.277214
1977-01,26.608215
1977-02,26.482494
1977-03,26.598478
1977-04,26.846128
1977-05,27.44818
1977-06,27.855997
1977-07,28.046782
1977-08,28.229612
1977-09,28.53236
1977-10,28.348803
1977-11,28.005594
1977-12,27.281694
1978-01,26.734926
1978-02,26.394047
1978-03,26.662992
1978-04,27.244509
1978-05,27.878288
1978-06,28.181255
1978-07,28.16873
1978-08,28.260124
1978-09,28.476025
1978-10,28.43192
1978-11,28.062593
1978-12,27.257204
1979-01,26.63802
1979-02,26.55552
1979-03,26.503979
1979-04,26.836018
1979-05,27.65146
1979-06,28.04332
1979-07,28.263905
1979-08,28.447641
1979-09,28.46083
1979-10,28.573597
1979-11,28.074287
1979-12,27.420092
1980-01,26.743626
1980-02,26.522196
1980-03,26.492931
1980-04,27.03692
1980-05,28.070547
1980-06,28.388964
1980-07,28.51837
1980-08,28.668406
1980-09,28.741877
1980-10,28.633799
1980-11,28.14918
1980-12,27.343637
1981-01,26.595322
1981-02,26.55505
1981-03,26.744284
1981-04,27.08434
1981-05,27.952148
1981-06,28.123594
1981-07,28.516323
1981-08,28.545338
1981-09,28.794662
1981-10,28.508736
1981-11,28.036234
1981-12,27.320213
1982-01,26.71608
1982-02,26.572369
1982-03,26.704184
1982-04,27.257269
1982-05,27.612228
1982-06,27.96801
1982-07,28.145088
1982-08,28.37461
1982-09,28.4932
1982-10,28.433666
1982-11,27.909595
1982-12,27.234737
1983-01,26.834091
1983-02,26.722416
1983-03,26.968105
1983-04,27.411674
1983-05,28.073229
1983-06,28.693401
1983-07,28.77182
1983-08,28.913109
1983-09,28.818073
1983-10,28.655901
1983-11,28.28624
1983-12,27.581528
1984-01,26.907904
1984-02,26.616152
1984-03,26.697325
1984-04,27.109577
1984-05,27.5189
1984-06,27.681925
1984-07,27.8237
1984-08,27.95834
1984-09,28.154951
1984-10,28.149906
1984-11,27.552668
1984-12,26.828804
1985-01,26.20142
1985-02,25.963236
1985-03,26.08364
1985-04,26.56242
1985-05,27.488752
1985-06,27.940779
1985-07,28.109898
1985-08,28.355272
1985-09,28.501726
1985-10,28.177483
1985-11,27.623583
1985-12,26.949545
1986-01,26.263996
1986-02,26.225813
1986-03,26.214983
1986-04,26.755976
1986-05,27.574442
1986-06,27.815182
1986-07,28.076498
1986-08,28.337559
1986-09,28.295887
1986-10,28.129686
1986-11,27.85796
1986-12,27.235535
1987-01,26.597527
1987-02,26.485659
1987-03,26.84212
1987-04,27.294134
1987-05,27.971432
1987-06,28.513685
1987-07,28.588737
1987-08,28.857206
1987-09,29.147112
1987-10,28.864796
1987-11,28.467213
1987-12,27.848248
1988-01,26.995539
1988-02,26.581745
1988-03,26.596336
1988-04,27.042542
1988-05,27.877728
1988-06,28.30856
1988-07,28.479965
1988-08,28.52441
1988-09,28.389906
1988-10,28.267452
1988-11,27.866682
1988-12,26.98289
1989-01,26.317692
1989-02,25.89593
1989-03,25.894646
1989-04,26.658823
1989-05,27.338657
1989-06,27.645435
1989-07,28.129332
1989-08,28.41424
1989-09,28.49676
1989-10,28.243587
1989-11,27.960316
1989-12,27.394156
1990-01,26.671995
1990-02,26.35533
1990-03,26.345732
1990-04,26.98088
1990-05,27.606342
1990-06,27.985828
1990-07,28.10167
1990-08,28.524347
1990-09,28.84259
1990-10,28.60163
1990-11,28.015642
1990-12,27.262308
1991-01,26.682375
1991-02,26.365046
1991-03,26.67749
1991-04,26.976545
1991-05,27.628601
1991-06,27.997868
1991-07,28.198986
1991-08,28.569645
1991-09,28.723816
1991-10,28.404501
1991-11,27.8121
1991-12,27.026485
1992-01,26.374678
1992-02,26.369585
1992-03,26.632027
1992-04,27.206598
1992-05,27.474072
1992-06,28.207376
1992-07,28.171284
1992-08,28.394482
1992-09,28.386585
1992-10,28.326727
1992-11,27.985992
1992-12,27.4011
1993-01,26.707329
1993-02,26.511454
1993-03,26.51891
1993-04,27.149122
1993-05,27.706898
1993-06,28.268
1993-07,28.235287
1993-08,28.40406
1993-09,28.413977
1993-10,28.358627
1993-11,27.995646
1993-12,27.416155
1994-01,26.741299
1994-02,26.378674
1994-03,26.624767
1994-04,27.077152
1994-05,27.694208
1994-06,27.997545
1994-07,27.974894
1994-08,28.193884
1994-09,28.50947
1994-10,28.410976
1994-11,28.091204
1994-12,27.467697
1995-01,26.912584
1995-02,26.645788
1995-03,26.87404
1995-04,27.339342
1995-05,27.91727
1995-06,28.324215
1995-07,28.565273
1995-08,28.75108
1995-09,28.859335
1995-10,28.586798
1995-11,27.987053
1995-12,27.544874
1996-01,26.660519
1996-02,26.408438
1996-03,26.514017
1996-04,26.984617
1996-05,27.392569
1996-06,27.799833
1996-07,27.739365
1996-08,28.114998
1996-09,28.559584
1996-10,28.226086
1996-11,27.770168
1996-12,26.912056
1997-01,26.49243
1997-02,26.313885
1997-03,26.4078
1997-04,27.021442
1997-05,27.730764
1997-06,28.269943
1997-07,28.551226
1997-08,28.762232
1997-09,28.913673
1997-10,28.675297
1997-11,28.193363
1997-12,27.749208
1998-01,27.200289
1998-02,27.067976
1998-03,27.083244
1998-04,27.51127
1998-05,28.146225
1998-06,28.89385
1998-07,28.889397
1998-08,29.25525
1998-09,29.10718
1998-10,28.748283
1998-11,28.13051
1998-12,27.314417
1999-01,26.786709
1999-02,26.21907
1999-03,26.517757
1999-04,27.049307
1999-05,27.895716
1999-06,28.151453
1999-07,28.198162
1999-08,28.82178
1999-09,29.007038
1999-10,28.408754
1999-11,27.830679
1999-12,26.93936
2000-01,26.161192
2000-02,25.958706
2000-03,26.031494
2000-04,26.645216
2000-05,27.547436
2000-06,27.750826
2000-07,28.106815
2000-08,28.486311
2000-09,28.748045
2000-10,28.698795
2000-11,28.113924
2000-12,27.310486
2001-01,26.560703
2001-02,26.225777
2001-03,26.395319
2001-04,26.896107
2001-05,27.41396
2001-06,27.918524
2001-07,28.371326
2001-08,28.759151
2001-09,28.85389
2001-10,28.612556
2001-11,27.857021
2001-12,27.375013
2002-01,26.815104
2002-02,26.459408
2002-03,26.601181
2002-04,27.087044
2002-05,27.721453
2002-06,28.113926
2002-07,28.286316
2002-08,28.832504
2002-09,28.947908
2002-10,28.74063
2002-11,28.305159
2002-12,27.656235
2003-01,26.984798
2003-02,26.892708
2003-03,27.242336
2003-04,27.489128
2003-05,27.937899
2003-06,28.204554
2003-07,28.208416
2003-08,28.740782
2003-09,28.953308
2003-10,29.0082
2003-11,28.432138
2003-12,27.478794
2004-01,26.827885
2004-02,26.845364
2004-03,26.73297
2004-04,27.331854
2004-05,27.524313
2004-06,28.020638
2004-07,28.321009
2004-08,28.708815
2004-09,28.901842
2004-10,28.904022
2004-11,28.125372
2004-12,27.413874
2005-01,26.596205
2005-02,26.303436
2005-03,26.979479
2005-04,27.581785
2005-05,28.19099
2005-06,28.877155
2005-07,28.960354
2005-08,29.2148
2005-09,29.405247
2005-10,28.843367
2005-11,28.233517
2005-12,27.378588
2006-01,26.764725
2006-02,26.419094
2006-03,26.601336
2006-04,27.301535
2006-05,27.898098
2006-06,28.48557
2006-07,28.539196
2006-08,28.905582
2006-09,29.28125
2006-10,29.151611
2006-11,28.532713
2006-12,27.601643
2007-01,27.057325
2007-02,26.84324
2007-03,27.064001
2007-04,27.554504
2007-05,28.09374
2007-06,28.4365
2007-07,28.664335
2007-08,28.652168
2007-09,28.861275
2007-10,28.74869
2007-11,28.111132
2007-12,27.399427
2008-01,26.661688
2008-02,26.646881
2008-03,26.494839
2008-04,26.894196
2008-05,27.671247
2008-06,28.071692
2008-07,28.315735
2008-08,28.97857
2008-09,29.102987
2008-10,28.77906
2008-11,28.06283
2008-12,27.0306
2009-01,26.520975
2009-02,26.00531
2009-03,26.039278
2009-04,26.88
2009-05,27.520422
2009-06,28.232103
2009-07,28.71465
2009-08,28.841583
2009-09,29.193619
2009-10,29.0578
2009-11,28.503132
2009-12,27.91639
2010-01,27.075012
2010-02,27.196028
2010-03,27.314566
2010-04,27.80169
2010-05,28.336264
2010-06,28.683544
2010-07,28.949165
2010-08,29.144045
2010-09,29.069956
2010-10,28.822313
2010-11,28.047367
2010-12,27.008335
2011-01,26.550493
2011-02,26.5538
2011-03,26.539225
2011-04,27.340181
2011-05,27.86212
2011-06,28.440094
2011-07,28.682545
2011-08,29.000101
2011-09,29.14467
2011-10,28.751598
2011-11,28.303995
2011-12,27.473509
2012-01,26.768173
2012-02,26.567396
2012-03,26.61156
2012-04,27.29098
2012-05,27.96786
2012-06,28.57417
2012-07,28.625698
2012-08,28.885845
2012-09,29.106602
2012-10,28.999508
2012-11,28.330692
2012-12,27.67686
2013-01,27.028385
2013-02,26.816277
2013-03,26.725904
2013-04,27.236944
2013-05,27.731266
2013-06,27.955965
2013-07,28.252426
2013-08,28.746084
2013-09,29.105255
2013-10,29.120768
2013-11,28.561077
2013-12,27.784267
2014-01,27.154583
2014-02,26.959612
2014-03,27.244064
2014-04,27.533722
2014-05,27.97412
2014-06,28.40209
2014-07,28.626913
2014-08,28.966574
2014-09,28.902483
2014-10,29.015862
2014-11,28.483904
2014-12,27.83864
2015-01,27.270767
2015-02,27.06449
2015-03,27.107697
2015-04,27.631086
2015-05,28.19201
2015-06,28.364683
2015-07,28.65652
2015-08,29.135397
2015-09,29.62219
2015-10,29.504816
2015-11,28.99767
2015-12,28.295986
2016-01,27.864384
2016-02,27.301306
2016-03,27.365736
2016-04,27.869509
2016-05,28.597235
2016-06,28.9555
2016-07,29.052769
2016-08,29.336725
2016-09,29.566698
2016-10,29.35856
2016-11,28.63631
2016-12,27.882486
2017-01,27.112253
2017-02,26.93773
2017-03,27.083324
2017-04,27.553804
2017-05,28.140993
2017-06,28.550173
2017-07,28.811695
2017-08,29.225653
2017-09,29.607199
2017-10,29.14101
2017-11,28.675314
2017-12,27.860893
2018-01,27.124615
2018-02,26.683512
2018-03,26.789753
2018-04,27.429289
2018-05,27.905422
2018-06,28.138762
2018-07,28.543512
2018-08,28.897898
2018-09,29.297874
2018-10,28.715439
2018-11,28.388847
2018-12,27.731373
2019-01,27.017273
2019-02,26.83593
2019-03,26.75858
2019-04,27.292198
2019-05,27.920515
2019-06,28.536137
2019-07,28.746796
2019-08,29.0302
2019-09,29.361317
2019-10,29.208769
2019-11,28.679508
2019-12,27.95614
2020-01,27.496538
2020-02,27.317476
2020-03,27.17575
2020-04,27.831812
2020-05,28.52337
2020-06,28.771524
2020-07,29.159224
2020-08,29.32636
2020-09,29.374805
2020-10,29.114862
2020-11,28.396038
2020-12,27.797028
2021-01,27.15301
2021-02,26.847633
2021-03,26.820536
2021-04,27.28052
2021-05,28.035782
2021-06,28.301853
2021-07,28.615725
2021-08,28.979982
2021-09,29.179018
2021-10,29.131826
2021-11,28.57368
2021-12,27.760859
2022-01,27.195446
2022-02,26.952517
2022-03,26.988787
2022-04,27.422274
2022-05,27.91117
2022-06,28.141886
2022-07,28.522764
2022-08,28.896046
2022-09,29.186398
2022-10,28.9574
2022-11,28.54924
2022-12,27.556726
2023-01,26.993868
2023-02,26.634855
2023-03,26.896484
2023-04,27.65625
2023-05,28.555643
2023-06,29.257898
2023-07,29.397976
2023-08,29.693123
2023-09,30.142721
2023-10,30.094189
2023-11,29.22696
2023-12,28.291912
2024-01,27.712269
2024-02,27.4179
2024-03,27.78624
2024-04,28.202223
2024-05,29.13058
2024-06,29.39881
2024-07,29.455166
2024-08,29.734016
2024-09,29.994978
2024-10,29.983898
2024-11,29.023853
2024-12,28.312431
